20211116024918	2026-04-03 11:49:56
20211116045059	2026-04-03 11:49:56
20211116050929	2026-04-03 11:49:56
20211116051442	2026-04-03 11:49:56
20211116212300	2026-04-03 11:49:56
20211116213355	2026-04-03 11:49:56
20211116213934	2026-04-03 11:49:56
20211116214523	2026-04-03 11:49:56
20211122062447	2026-04-03 11:49:56
20211124070109	2026-04-03 11:49:56
20211202204204	2026-04-03 11:49:56
20211202204605	2026-04-03 11:49:56
20211210212804	2026-04-03 11:49:56
20211228014915	2026-04-03 11:49:56
20220107221237	2026-04-03 11:49:56
20220228202821	2026-04-03 11:49:56
20220312004840	2026-04-03 11:49:56
20220603231003	2026-04-03 11:49:56
20220603232444	2026-04-03 11:49:56
20220615214548	2026-04-03 11:49:56
20220712093339	2026-04-03 11:49:56
20220908172859	2026-04-03 11:49:56
20220916233421	2026-04-03 11:49:56
20230119133233	2026-04-03 11:49:56
20230128025114	2026-04-03 11:49:56
20230128025212	2026-04-03 11:49:56
20230227211149	2026-04-03 11:49:56
20230228184745	2026-04-03 11:49:56
20230308225145	2026-04-03 11:49:56
20230328144023	2026-04-03 11:49:56
20231018144023	2026-04-03 11:49:56
20231204144023	2026-04-03 11:49:56
20231204144024	2026-04-03 11:49:56
20231204144025	2026-04-03 11:49:56
20240108234812	2026-04-03 11:49:56
20240109165339	2026-04-03 11:49:56
20240227174441	2026-04-03 11:49:56
20240311171622	2026-04-03 11:49:56
20240321100241	2026-04-03 11:49:56
20240401105812	2026-04-03 11:49:56
20240418121054	2026-04-03 11:49:57
20240523004032	2026-04-03 11:49:57
20240618124746	2026-04-03 11:49:57
20240801235015	2026-04-03 11:49:57
20240805133720	2026-04-03 11:49:57
20240827160934	2026-04-03 11:49:57
20240919163303	2026-04-03 11:49:57
20240919163305	2026-04-03 11:49:57
20241019105805	2026-04-03 11:49:57
20241030150047	2026-04-03 11:49:57
20241108114728	2026-04-03 11:49:57
20241121104152	2026-04-03 11:49:57
20241130184212	2026-04-03 11:49:57
20241220035512	2026-04-03 11:49:57
20241220123912	2026-04-03 11:49:57
20241224161212	2026-04-03 11:49:57
20250107150512	2026-04-03 11:49:57
20250110162412	2026-04-03 14:13:14
20250123174212	2026-04-03 14:13:14
20250128220012	2026-04-03 14:13:14
20250506224012	2026-04-03 14:13:14
20250523164012	2026-04-03 14:13:14
20250714121412	2026-04-03 14:13:14
20250905041441	2026-04-03 14:13:14
20251103001201	2026-04-03 14:13:14
20251120212548	2026-04-03 14:13:14
20251120215549	2026-04-03 14:13:14
20260218120000	2026-04-03 14:13:14
20260326120000	2026-04-25 12:32:46